{"cameraMode":{"drawMode":0,"name":"Shaded","section":"Shading Mode"},"sceneLighting":true,"audioPlay":false,"sceneViewState":{"m_AlwaysRefresh":false,"showFog":true,"showSkybox":false,"showFlares":true,"showImageEffects":true,"showParticleSystems":true,"showVisualEffectGraphs":true,"m_FxEnabled":true},"in2DMode":false,"pivot":{"x":-51.758506774902347,"y":-7.318593978881836,"z":347.9512634277344},"rotation":{"x":-0.055049579590559009,"y":0.12280843406915665,"z":-0.006848487537354231,"w":-0.9909257888793945},"size":153.18276977539063,"orthographic":false}