{"cameraMode":{"drawMode":0,"name":"Shaded","section":"Shading Mode"},"sceneLighting":true,"audioPlay":false,"sceneViewState":{"m_AlwaysRefresh":false,"showFog":true,"showSkybox":false,"showFlares":true,"showImageEffects":true,"showParticleSystems":true,"showVisualEffectGraphs":true,"m_FxEnabled":true},"in2DMode":false,"pivot":{"x":21.652523040771486,"y":11.374812126159668,"z":257.9190673828125},"rotation":{"x":-0.2776038348674774,"y":0.17957888543605805,"z":-0.07717425376176834,"w":-0.9424374103546143},"size":1.6270610094070435,"orthographic":false}