{"cameraMode":{"drawMode":0,"name":"Shaded","section":"Shading Mode"},"sceneLighting":true,"audioPlay":false,"sceneViewState":{"m_AlwaysRefresh":false,"showFog":true,"showSkybox":true,"showFlares":true,"showImageEffects":true,"showParticleSystems":true,"showVisualEffectGraphs":true,"m_FxEnabled":true},"in2DMode":false,"pivot":{"x":61.29279327392578,"y":37.952816009521487,"z":213.4801025390625},"rotation":{"x":0.16902877390384675,"y":0.23199622333049775,"z":-0.03932322934269905,"w":0.9577911496162415},"size":8.448325157165528,"orthographic":false}